URL,NumOccurences
<INCORRECT>,36067
j1z,1
x3,1
q4pq,1
pxy,1
m3sl,1
2yp,1
yzfmx,1
ii,4
301x,1
opt,1
4je,1
9e3w,1
dzwr0,1
rris,1
yu2,1
xah25,1
unnmg,1
lnsrl,1
ys,3
7xsg,1
vvf,1
dq,1
n8vv,1
tmzv,1
mhkl3,1
sm,2
wzclx,1
mi9,1
xk,2
i9iw,1
mp,3
uypd,1
w0u,2
e6,1
zq2,1
fmu,1
pvi1h,1
xegw,1
ykozm,1
bx5,1
kass,1
scdgg,1
zk,2
iuq,1
fc4y3,1
toa3j,1
q4k,1
odbs,1
nuq58,1
kag,1
waoca,1
9hv,1
vxzvs,1
lje,1
nm,3
ch,1
pgxr4,1
drg,1
ovlgl,1
qgi,1
aft,1
uql8q,1
vho,1
ui,1
w3p,1
cst,1
vrau2,1
y5g5k,1
vwoc,1
qh,2
mugr,1
vpu,1
nrc,1
b0xl,1
jtp9h,1
madr,1
lrc9q,1
sbdz2,1
ai,1
u5y,1
xjmzc,1
3f,1
n2l5,1
cbzv,1
i1eg,1
den,1
wdxb,1
kwn,1
ld95,1
16ige,1
vqoq,1
jz5jc,1
nwf,1
mhd,1
87ni,1
dnw,1
8u,1
dfru,1
raj,2
6vea2,1
sihi,1
ija,1
e5qqo,1
z1res,1
n6sbg,1
uwss6,1
vzz,1
6p,3
gc8,1
udejf,1
tf,2
iton,1
fhfce,1
exn,1
jzfz,1
wl,3
1lrr,1
zw,1
g1m,1
ntlds,1
fshzd,1
6c,2
amac,1
able,1
szd,1
8e,1
tv1nm,1
oj,3
qf,1
kmx2,1
gpml,1
xp,1
mbyc,1
ykdb,1
qbl,1
xnr,1
0st,1
x7k4o,1
5cn,1
rsd,1
wxil,1
gfhom,1
vmun8,1
cxq,1
p3xy,1
ylh,1
3q9,1
1hg3,1
h3dwv,1
fg,4
omzm,1
yw,1
t15,2
h0ux,1
3ajql,1
xalbp,1
fm,3
hsrh9,1
4aavi,1
tij,1
jyi3,1
wpf,1
zmcpu,1
tvwe,1
em0w,1
vw1,1
xh2w3,1
akq,1
so,1
vwe,1
0png7,1
kh0w6,1
tibb,1
hcwm,1
xgs,1
hy,2
uiyd,1
py8rm,1
od,1
vqo,1
aj0,1
u5u,1
qkx,1
uoonf,1
e5pk,1
sqam,1
ti4m,1
xjq0z,1
8y5,1
y3pi,1
102,1
frzv,1
3o,1
zrrb0,1
fov,1
zmlsn,1
da,1
rcp,1
kpddn,1
yvu6i,1
xgz,1
5yvo,1
qx,1
gx5zm,1
9yf,1
ml,1
3vkuw,1
lo,2
blel,1
h2my6,1
ifta,1
inxci,1
rml2,1
eu,1
s9ghw,1
ss7yn,1
vtn,1
qg7gy,1
2dd,1
nzo,1
0ya,1
tyave,1
t5n,1
5l,1
rc,2
pejeb,1
fcpc,1
65,1
emh3o,1
iug2,1
qk6,1
our,1
kzp,1
ef,2
7yq,1
we7x,1
8o4,1
pax,1
gd9,1
tq72w,1
sr,3
8coxm,1
an9z,1
ow,3
1ucrn,1
tubng,1
01ow5,1
tt,1
lzny,1
7z,1
gyqh,1
4rq,1
2zr5m,1
kpxu,1
me0xb,1
mmtr,1
qwhf,1
beba,1
jjup2,1
eej6,1
2dmt,1
z8cyu,1
ws,3
dbxe5,1
xdaa,1
lysvm,1
t6pte,1
nydtz,1
znjbo,1
ei,1
croye,1
ek,3
iij,1
yfut,1
e3a,1
urvy,1
ngarz,1
mqt,1
muk,1
cis,1
oxu5,1
erbs,1
tyf,1
gubov,1
n0xq,1
uu,3
vh8,1
onlju,1
cr,1
9u3ke,1
v5rx,1
lce,1
bodqa,1
yv,4
lojj,1
12vf,1
7z81,1
tx,2
tt0id,1
qqsn,1
5xi,1
ju,1
13,1
xmpf,1
oeov,1
rg9,1
txc,1
kes,1
jl560,1
lbkd,1
wcm,1
w7cz,1
0qt,1
0wmi3,1
mry,1
lkhc,1
rqur,1
xinb,1
j90,1
xoy,1
dhxtz,1
acu10,1
9kc,1
w0ud,1
biw2h,1
6pdg,1
ucvi,1
htn,1
1sfkm,1
lbai9,1
x6rmy,1
vv32k,1
fsqd,1
upwjh,1
jwco,1
jbj6b,1
sipw,1
z6g6h,1
9imb1,1
4himj,1
nvfsg,1
gvp,1
1sefe,1
qflfa,1
wuqfl,1
aehn,1
713fk,1
71,1
x3er,1
g36,1
e5,2
yffye,1
o24,1
slsos,1
r9v,1
pqaay,1
rh9fr,1
drjxb,1
jw,1
37,1
befva,1
fc2,1
cd2,1
omxln,1
n8eb,1
re11,1
exqp,1
evi,1
2a,1
uhuv,1
v0kre,1
4bc,1
wtf,1
s6how,1
saaei,1
h2w,1
s8tyj,1
30hs,1
59tg,1
lyocx,1
vyo9l,1
xdx,1
azw8,1
xwcy,1
11u,1
6s5,1
hjh,1
tg,2
bk,1
zvgh,1
0op,1
vdj,1
rm,1
4cv,1
o7hui,1
ntpds,1
hmtri,1
al6is,1
xwxav,1
ry,4
ql,4
ryyo,1
f4u,1
0n,1
xdyn,1
uuvk,1
u7k,1
nebc,1
vqf,1
fuew,1
yw6or,1
xr3z,1
y7p,1
93,3
uh,1
a4,2
hfql,1
n3coc,1
bm,2
4t,1
xqanl,1
itltc,1
bgyy,1
gbaq,1
oxz4z,1
p7r,1
8apc,1
lnq1,1
y8b,1
piapv,1
lf,2
0nxv,1
brqb,1
r6hmh,1
pzp,1
mqcr,1
a0lk4,1
xb,2
zv1to,1
v3wsu,1
iph,1
44p,1
qy,1
vawa,1
xpzuu,1
hag,1
ttbno,1
goucr,1
gf,3
zag7,1
nlwnl,1
xju,1
9mytk,1
w53,1
3e5r,1
5yw,1
qhs,1
5d7i,1
gku,1
r5eyc,1
zawx,1
sqsm,1
tuf,1
hh6,1
gi6,1
z6leb,1
4fds,1
h6vg,1
4u6b,1
2tfuz,1
maxe,1
gaf3g,1
ums,1
kbcls,1
lh8,1
wpvds,1
4s,1
fel,1
viq1n,1
wxu,1
ppmq,1
cwn,1
qnl0,1
watda,1
0pwx,1
7ao,1
9sy,1
wi,1
3w0v,1
5p2m,1
itb,1
f8es,1
iwc,1
w0h2b,1
dpr,1
t3vps,1
qnox,1
975,1
24n,1
vydph,1
taqm,1
2f,3
pnmx,1
m36a,1
alefy,1
f8y,1
sce,1
8nhw,1
rrazi,1
f8cae,1
slak,1
6v,2
u2eu,1
gpy,1
qq,3
5fpzn,1
4cwfq,1
sb,2
sltal,1
bulwh,1
l7b,1
qwb,1
ls,2
rj8,1
t5ah,1
vpwxg,1
jb90,1
vd,1
35e,1
dtxr,1
f3i,1
08l,1
8dlw,1
r35,1
qaja2,1
gaqpf,1
pv,4
bc,3
ref0u,1
ja3,1
th,1
pnv1z,1
gg8,1
ts4,1
nwxs,1
umnh,1
qw,1
l4mmp,1
klp2n,1
eja,1
x2oj,1
3oifd,1
0q,2
lyc0,1
ctc,1
hp7s,1
zdmws,1
adrgp,1
rkd,1
z5a,1
z1sdg,1
hplfi,1
th0,1
byd,1
pgczt,1
cj,1
qwom,1
ou63,1
g1,2
3tu0,1
7paj,1
vdkww,1
h8u,1
jt6z,1
ops,1
anffd,1
yzyfh,1
uz4hc,1
ok6d,1
aa2ov,1
rjr,1
g4,2
zwkr,1
mk,3
vdu,1
c1uh0,1
dr,1
avlh,1
brpqz,1
tvs,1
wyp,1
oq49,1
k7ja,1
tif,1
lcn,1
dncvq,1
dqyg,1
dk7z,1
rfmr6,1
dy,1
1vn,1
0hm,1
eodp,1
si,1
01,1
no,2
bfdd6,1
437,1
qjh,1
ytqs,1
9v0bh,1
wve,1
5tyt,1
hsu,1
ojgdy,1
v7o7,1
ay,2
u1,1
n1,1
qaw8,1
yxd52,1
pxi,1
ui0tu,1
spt,1
kghw,1
r587,1
7b,1
ibqu3,1
5ps,1
xh,2
v7bem,1
j1b5,1
vcw1s,1
xvlh,1
ccz3,1
p7u0p,1
jge,1
r5,1
k4,1
zht,1
3w,1
jqjp,1
1b,1
9m,1
fyy,1
td9cq,1
p0,1
trdxi,1
rap,1
0vpc8,1
rrl,1
qi4l,1
ghtuu,1
6g5,1
fqbrq,1
lsyt,1
8r,1
id2,1
77m9w,1
uknv,1
axb,1
xhm,1
pbz7,1
9frwg,1
nvfv,1
qeg,1
it,2
rcj,1
lze,1
6gj,1
fxj,1
t58a,1
rxvcr,1
iufuc,1
lxf,1
mfje,1
f01g,1
ym1mv,1
xyb,1
v671,1
krqw,1
n3z,1
cs,1
yeoj,1
n9jw,1
hgj,1
ocjd,1
8j4z,1
miy,1
pmh,1
cizwr,1
nngxh,1
bj,4
xl,2
xe,1
vj,1
rh3mj,1
zsnl,1
lk,2
5ou,1
96a,1
2d4c,1
ss,1
9r,1
tfyq,1
reksc,1
q4,1
xxb,1
xmqo,1
1x,1
tcs,1
ce,4
fx,3
wr7,1
jz,1
bojt,1
lvm,1
tw7h6,1
zo2,1
o2pp,1
hk,1
modtv,1
pta2,1
njcu,1
mqz,1
kgdrp,1
xshl,1
ad,1
khzd,1
m2t,1
ouqls,1
tvz,1
p5,1
64fc,1
6o8,1
yvh8,1
hoa,1
lifm,1
kcoa,1
omue,1
kwvkw,1
klk,1
oicm,1
3tlcw,1
e0it,1
1l,1
04x,1
titlv,1
zsmg7,1
hyfun,1
tmk,1
ez,2
0dpx5,1
dmg,1
nkfn,1
tbotq,1
ll6,1
pmfrb,1
fb5my,1
ymne,1
isr,1
2yzy,1
hv,1
9u5,1
ktn,1
aw,3
gv8is,1
8b,1
w5,1
czrq,1
ysmo,1
ex62,1
ud3o,1
kar,1
jngo,1
ghmc,1
kdc,1
e5x5,1
wr,2
ks8ly,1
hreyb,1
lzpb,1
qz3,1
isz,1
pyy,1
h9bc9,1
xlyv,1
fgpv,1
tm80,1
gpyll,1
w7,1
ahu3,1
syd4,1
mrnl,1
6ba,1
cwz,1
ekra,1
00,1
ahj5,1
za8a1,1
mg3o7,1
aq7z,1
q57,1
bwj55,1
bqx3,1
xkyyi,1
fn,1
1q,1
cpsg,1
3n,2
xolki,1
zrs,1
1aeg,1
rk,3
nfw,1
4sd,1
rppp,1
92q,1
nnnf,1
3q,1
53cb,1
lv5o,1
r9,1
wx5y,1
fzqt,1
sgq1,1
jrcaj,1
gqcvc,1
2q5c,1
u2,1
sce3c,1
ggqtn,1
ajos,1
zqmc,1
tjxx4,1
ptfv,1
nvk,1
jamu,1
hhqf,1
lpwaz,1
su,1
kt,3
yka,1
31k,1
niq,1
ng,3
us3hn,1
vrri,1
wqkz,1
i6c,1
e8epy,1
bmrp,1
pbgn,1
leo,1
7n,1
dvw,1
fpa,1
jfom,1
9dq,1
op6nv,1
fgqei,1
rtsn,1
lu,2
pxfg,1
xd7k,1
vpc,1
f8,1
n89q,1
ourne,1
qm,1
a0o,1
vb,1
fxy,1
sc5n,1
pxak,1
u9pn,1
w5h,1
o4,1
khb,1
bpgf,1
bx9,1
zm,3
wz3n,1
cze,1
0llhh,1
lt3hu,1
3tfew,1
iirgt,1
zh8bp,1
ujm,1
q9ub,1
wpk,1
mf,1
xx,1
kjsz,1
zidtu,1
suwri,1
9sr1z,1
vb1ri,1
j9r,1
fpgj,1
ub,2
9t,2
tbv5,1
fvol,1
47vhi,1
tz6,1
qyt8w,1
g9pv,1
k8kx,1
2sj,1
pxbnj,1
mc,2
fww,1
hyigy,1
ofnqr,1
xsygd,1
4mns,1
vm7l,1
exft5,1
yqq,1
emwv,1
2dqv6,1
2ngs,1
84t,1
woo,1
56exe,1
rs,2
qg,1
vj8yb,1
stsxy,1
ez1,1
omebr,1
dk3t,1
7olfg,1
kic,1
w2sg,1
2rv,1
t7f,1
si6,1
fmbaf,1
bi4ie,1
lsi,1
gwd5h,1
cnx5,1
jk2mh,1
qvz,1
pk,1
5b1,1
obsq,1
d6bmp,1
jwod2,1
fag4,1
1v6,1
wn,2
zfca4,1
j2bb,1
rj8k,1
3hs,1
6s3,1
kff4,1
envp,1
wm1l0,1
oyyze,1
uhnh,1
aga6,1
ngbwz,1
u9tf,1
wy4ob,1
p6teq,1
al,1
hjce,1
9ivtf,1
q8s,1
cvdxq,1
wsdok,1
v8uo,1
kybx,1
v1iwi,1
ide,1
lzu,1
yl,1
xgmo,1
pyjj,1
2iv,1
nvq1j,1
i5ru,1
7k,2
bdqwh,1
asu,1
kq3a,1
rv2vl,1
yql,1
zezor,1
ljopc,1
wlkr,1
sh1,1
ovw,1
82k,1
o3,1
mv6,1
t9rqx,1
jsf,1
qaxxu,1
vslo,1
mmp,1
s0n82,1
zmlsb,1
pu,2
nw,1
zf,2
pyv,1
mqvdd,1
m8,1
oijrr,1
vsz,1
lz3,1
pb3,1
h5u,1
dbq4c,1
cxl4t,1
nfwx,1
yei,1
l1h,1
hsp,1
bec,1
o7utp,1
ph5z,1
p4,1
eh,1
ugott,1
ucqk,1
spw,1
gu5s0,1
hvm6e,1
9n,1
uxi,1
6gl,1
ijju,1
sck6,1
lx0p,1
eb,1
oaect,1
i84h,1
zfvo,1
x7hk,1
wmn,1
6h,1
coza1,1
wfmk,1
eomm,1
h6,1
0od4h,1
vg,1
xcxv,1
yk,2
dh7,1
puew,1
u1tcn,1
a1e,1
t0pb4,1
zoou,1
41ivy,1
updx5,1
78w,1
mipt,4981
jusxe,1
u6t,1
4inm,1
cnh,1
khdsy,1
gag,1
wrr,1
66,1
h2d,1
lg,2
p6tx,1
iez4,1
z6w4,1
wjo,1
f6nc,1
kftdp,1
igyx,1
npb,1
8vzs,1
dt6,1
l6a,1
nc9,1
ytk,1
6xaaj,1
yf,2
mthq,1
amq,1
gi,1
9xb,1
mjt,1
ax3,1
xo5,1
pjcwf,1
3o7n,1
jwacx,1
olfz3,1
wblj,1
ylwrd,1
mbk,1
jv,2
kinza,1
q85kk,1
3xn,1
fdlrb,1
byu,1
gyp1,1
hvcm,1
b0uas,1
b4w7i,1
kq,2
uh0g,1
bs0w,1
mx7,1
otwrg,1
uwxuo,1
o12n,1
gst,1
4ye,1
qies,1
jghk8,1
9hi,1
qiek,1
lj,1
jf7wk,1
rl,2
fr,2
6lv,1
uzl,1
ciwnc,1
lpdg,1
s6,1
ny,2
4j05v,1
7ls,1
bcnjs,1
ihzw,1
ev7xf,1
shq,1
opse,1
jkee,1
4h,2
fi9c,1
xbafm,1
b6f,1
sbl,2
wdq,1
vzzbj,1
qs00t,1
vtbf,1
dru,1
ov5t3,1
g44g,1
cjp,1
0dsf,1
mqh90,1
5l7a9,1
wa,3
vmw,1
ntlhq,1
ck,2
q8,1
y7,1
d0mn,1
9nk,1
efk2,1
e29w,1
4hm1,1
vjv,1
fly,1
tu,1
fw7z1,1
a3,1
s2q,1
pqm,1
mi5n,1
yy,2
8xf,1
vhbl7,1
axd5,1
zqcp,1
bfz,1
or,2
flt,1
cy8e,1
4pku8,1
f3d,1
ybn,1
zitrp,1
j7,1
pfa,1
34b,1
4d,1
kfp,1
ybk,1
ck0x5,1
elrdf,1
skfgf,1
yzxz,1
1haqa,1
d7h,1
tsdla,1
rbg,1
pm,4
tt4,1
o6r,1
n1bfp,1
dvczw,1
am3bw,1
m465k,1
grg5,1
pjxou,1
cl5iq,1
u6,1
9zyk,1
46o1,1
2o,1
iv,4
epbod,1
cz9i,1
6hc,1
j5,1
kedz2,1
xtfk,1
j0,1
qqgis,1
7gj,1
f5o,1
3x,1
s8ey,1
zivk9,1
dl,2
b6ew,1
ryg,1
d1rp0,1
5ar,1
ww,1
tvlod,1
rng,1
haphl,1
sdh,1
cck,1
wvh6o,1
dz,1
og,1
sahsr,1
jsnnq,1
a2fde,1
co,2
a0v3n,1
2dhu0,1
beaq,1
uyflw,1
gkxn,1
ps7o4,1
hkv,1
5og,1
5wz,1
6ujsf,1
oqu,2
6x,2
9amwd,1
cii3,1
gblg,1
uuf,1
wv8b,1
nq2,1
6xfw,1
vwt,1
q0zt,1
jm,2
htd0c,1
fwfm,1
ecv,1
qj5,1
x4nka,1
rzzs,1
sju,1
w4pm,1
ojdk,1
6y,3
lugb8,1
svc,1
zxao,1
cui7y,1
ary,1
a77,1
yspt,1
s4ie,1
5v,1
qqk,1
41,2
k4t,1
aeu,1
d3,1
8e7kl,1
r7ong,1
nxf3,1
lbjz,1
qc,3
d9,1
not,1
loug,1
6vy3,1
tulo0,1
4orwv,1
a7hn,1
ipy,1
3zu7,1
n9lgl,1
zwb,1
f5,1
6hg,1
bop,1
9ay,1
9e,1
fzdna,1
tl,1
89voe,1
xn,1
kdj7,1
k90,1
k8jqw,1
ti1y,1
l5px,1
vfp,1
bzj0h,1
00c2,1
boj2,1
ozxs3,1
kry,1
xep3b,1
tewyl,1
xjge,1
ffs,1
flz,1
x6,1
qgj,1
bqz,1
hvua,1
c7tz,1
a7zjk,1
ykyw,1
dh9,1
h3f,1
quc,1
83,2
jpali,1
gamvq,1
0snf,1
o4ok,1
scbed,1
2xec,1
cocxz,1
x7p,1
n5,1
kivw,1
zxux,1
rjewy,1
3v,1
zhin,1
havuu,1
sximr,1
bkca,1
mu7ha,1
rq,1
2dwi,1
i5,2
gtq,1
et,1
sqdj,1
0ja,1
eyk,1
bavn4,1
pnnop,1
ua2,1
lapus,1
h1ha,1
ergg,1
vai,1
udep,1
l14,1
c98i,1
bjvc,1
pwz,1
khz,1
fz5ba,1
he,2
nhzs,1
cjkdn,1
4q,1
jqts,1
qfjvj,1
kp,3
cf,1
ulv7,1
hv1bi,1
zy0,1
zlej,1
hovy,1
i3,1
uji,1
esyqa,1
qn,3
9uc,1
sr9n3,1
bjj3,1
0wbf,1
phbl,1
rp,3
sbh,1
ni,1
egkki,1
nt,1
qb,1
ojquz,1
wp6,1
1oacr,1
crb5,1
sx,1
gz,2
pqv8,1
4dhh,1
f9,1
mw,4
c2s,1
zmkn,1
fr7b,1
5z,1
5n,1
uqyo,1
pal,1
3vp8,1
qkp,1
iu4,1
xil,1
py,1
ai6,1
efd,1
nl,1
abe2m,1
atyoy,1
5ycnu,1
jhiq,1
n2g,1
pvxe,1
elm,1
0oaqi,1
xsd,1
nr4y,1
zfdl0,1
ir,1
7ff,1
pn,1
3uovn,1
60t,1
qw9w,1
1vdp,1
no2,1
vyjm9,1
2i,1
hxh,1
ty9,1
mxc8,1
urv,1
cw,1
4v,1
9k46,1
qo6js,1
rccba,1
ano,1
5o0c,1
r7adm,1
8yx,1
mj1,1
dpkl,1
9fnbl,1
umx88,1
8enq,1
tc9,1
ger,1
0oiz,1
pjm,1
bgh,1
ptsju,1
qoxj,1
i7c,1
2na,1
ulyuq,1
ah0q,1
7tjzx,1
r3e8m,1
yftf,1
kva,1
h1iqx,1
xlrl,1
qrcp,1
63ked,1
eatkb,1
sc,1
opk,1
6olvr,1
sv9,1
sq,1
gzj,1
j8f,1
ijn,1
wu,3
pxwjg,1
gpp,1
lyjx,1
5k4xm,1
xhi,2
201n,1
kz,1
z5yo,1
n5g1,1
2yjd,1
llag,1
ye7,1
oxf,1
2zuv,1
keqt3,1
ev7,1
ize,1
g29,1
3je4,1
nd,2
f5quz,1
qvf,1
g0,1
yuch,1
alwx,1
ziubd,1
ee,2
hvnbo,1
c4,2
hm4,1
cfs18,1
jeue4,1
o1fed,1
ehq,1
1xc,1
m1ap,1
a34n,1
saiqu,1
ssd,1
qbcpr,1
qapvw,1
j8,1
kxtc,1
611j,1
87v,1
iz,1
vt,1
smail,1
jd1,1
8gncd,1
7e48m,1
hmmm,1
w6fi,1
kl,1
q6q0,1
or1,1
bgerz,1
28w,1
xtjpe,1
kc,7
m2,1
mh,3
0umil,1
8ejj,1
cur,1
omxhn,1
dsz,1
lmmmd,1
nkzt,1
of,2
7ds,1
uzml,1
x0,4
ppv,1
rz,3
qja6j,1
cjzy3,1
ikxm,1
p06c,1
0cz13,1
3zw2,1
tokm,1
9btxp,1
j8dkl,1
jwz33,1
qcb7,1
c3u5y,1
3no,1
nxipi,1
bxc6,1
ii2xw,1
s3y,1
h0ttf,1
63d,1
nioi,1
ubq9o,1
hg,1
rwz2,1
ucy,1
wh0cd,1
hxveo,1
fujg,1
olni,1
pa,1
hp,1
eh9ge,1
urp,1
lzlx,1
otl,1
u4nz,1
os1,1
lmmfy,1
9ekc,1
eiwlh,1
pfvqq,1
fp5,1
fpg,1
ek8,1
df,1
ygc,1
mj,1
dmavg,1
lydce,1
2st,1
rtmk,1
f7,1
0ez,1
cg,1
3d,2
lb,2
evmj,1
xr,1
aw7,1
0x,1
3davm,1
me,1
3p2ej,1
2zac,1
qjw,1
nvqn,1
ojh8,1
zupa0,1
uowh3,1
we,2
uxy0x,1
ifb,1
isqci,1
z0,1
dt,2
maryf,1
6nvq,1
i63,1
yv1,1
im74,1
5nsh,1
rzy61,1
bxv,1
iyssk,1
ncab3,1
y5,1
to,2
ygpxz,1
ttt,2
jvb,1
lew,1
rs8,1
d1w7v,1
gnlm,1
xrv0,1
2pf,1
5yp,1
c0ju,1
3g8w0,1
rf,2
8g,1
86amh,1
gcr,1
ppq,1
6jhhu,1
q42,1
kao7,1
wg,1
vunjj,1
yf2,1
rdfz,1
hs,2
qn4,1
f9e,1
080,1
u5sq,1
eb2ys,1
coz,1
wyz,1
aforx,1
q9ly,1
qwl9,1
lxg4c,1
xsciy,1
vs,2
t6xmo,1
buz,1
4d3j,1
bxyz,1
ao6rz,1
mmi,1
ietsu,1
r8fo9,1
t1hw,1
9zl,1
ngy,1
ny1,1
46a,1
zmwu,1
j6qyo,1
cuk7,1
kcnem,1
ywk,1
q9rne,1
wel9h,1
tcebq,1
zg,2
qd3yq,1
53a,1
bwpgs,1
ue4ho,1
foh3w,1
2okn,1
on,2
ybpak,1
udjfw,1
7h,2
e27,1
ccrhv,1
yl4ah,1
mygib,1
77,1
0cb1w,1
nquqb,1
u3vcl,1
bsn38,1
srrcq,1
dun,1
obpv,1
ga,3
ky,1
mn,4
w1u,1
8od,1
3ho6,1
ms,1
ze,3
ddq,1
nnrj,1
64,1
bfq,1
2zp,1
orlz,1
8gd,1
mayud,1
y4,1
yrsv,1
eagps,1
0e,1
q3,1
lm,3
yko96,1
yaq,1
u37k1,1
5i5o,1
y6c5,1
dp5,1
7i50,1
llqm,1
jd,1
ocic,1
1odwh,1
i2,1
rzrro,1
c89i,1
ncm,1
st,2
wvd,1
ubcgj,1
tmj,1
e4f0,1
znqn,1
0t,1
zbwg7,1
oy,3
fc,2
z2p,1
dhrv,1
xix,2
vfgt3,1
13h,1
yova,1
s5,1
sjs,1
o7w,1
qfp,1
eofq,1
xnd5,1
s8,1
m6ey,1
inlr,1
vrwmd,1
fwt,1
pj59,1
vuhd,1
j1,1
0cg54,1
tob,1
zys5,1
zl,2
wf,1
0xzy,1
dqn,1
0s,1
dfi0,1
kb3d,1
3xoz,1
5cl2,1
2yr,1
b3,2
4wxyp,1
ukgb,1
xunmu,1
a0hz,1
cnv3,1
tdmrb,1
uw,3
ki,1
imx,1
b31d3,1
xowpi,1
2jt3,1
i5uar,1
ze7,1
zhbr,1
mqg7k,1
ae,3
nvd,1
09,1
zw8,1
bqq7,1
fmn,1
h1,1
taror,1
sk2,1
j4l,1
tx6dg,1
0vs,1
pb,1
lds,1
5s,1
ywoa,1
rm5a,1
6snt,1
fmgt,1
ab,1
dh,2
xoqx,1
0lm9,1
edx,1
oie9,1
p9tv,1
wb,4
fb,1
zrcg,1
mtxzg,1
i68,1
rgoh8,1
w3hm,1
bzrd,1
bg,1
w6x,1
uk,2
411y,1
yg,1
nhx,1
ynzv,1
gu,2
bx,2
uyg,1
92,1
tq,1
os,1
xg,2
g0ndi,1
xa4,1
ha,2
lipk,1
b4t,1
iew,1
rvjr,1
ajez,1
t6,2
6hu,1
oo1l,1
nsmn6,1
yli,1
czelg,1
e17nf,1
zoik4,1
4wi0,1
knx,1
nkuwy,1
ox,3
lje6,1
rf6,1
ltx,1
7q,2
qgdu,1
4mwo9,1
wz,1
d4j,1
otk,1
uo7t,1
ng3y,1
ebfgi,1
lz,4
9af,1
qqd,1
sup1,1
ngrrj,1
1ku8,1
r1lhz,1
w3jul,1
3ki7,1
youqz,1
1u7hl,1
uo,1
fdf8,1
ot,1
dkfb,1
bahjl,1
lwem,1
21tj,1
sjxv,1
qut,1
ufyjo,1
vr,1
j8b,1
s8x3m,1
qpwp,1
o7c,1
jhb,1
5o,1
oz,1
ns,2
use,1
i7cka,1
snqn,1
zup1,1
mfldf,1
jzm7f,1
hz0,1
i5dy,1
gr,2
mud,1
yt,1
xrj,1
lcfo0,1
ap0l2,1
cnhp8,1
nmfk,1
qyxk7,1
c7jok,1
tco,1
gjc1,1
8nx,1
pcvx,1
cd,2
2s,3
xqc,1
dipu,1
h0w,1
1m,1
w4n7l,1
hts,1
cwedl,1
9qa,1
cyaf,1
yaca,1
iufn,1
gre,1
xcb,1
pxigh,1
izui,1
flsr,1
bunfl,1
q8pps,1
los,1
mwjcy,1
l8fmb,1
du5,1
jqcxk,1
4ko91,1
wka,1
nba5,1
ih4rd,1
t5x,1
abu,1
6gag,1
hnsp,1
2vs,1
jbdg,1
20c,1
zr,3
vwekd,1
nhi4c,1
5mom3,1
l4la,1
m5g6a,1
ndrm,1
786u,1
uiky,1
djgxi,1
yxa,1
mo,1
4oyg,1
f7rj,1
chsv,1
tz,2
tejj,1
gia,1
ejpjg,1
vodi3,1
rze,1
frgvl,1
4n,2
cagko,1
maoyk,1
xr6jm,1
dq2,1
car,1
be,1
rau,1
rx,1
30,1
elflg,1
9ure,1
igwr,1
0jbe,1
eorz,1
czdyq,1
4k,1
nktev,1
rsf,1
tr7pr,1
zi,2
87,1
xs,2
prmvo,1
vaqli,1
nvy,1
j58i,1
drz,1
ayi,1
jj5r,1
qfj,1
axj,1
llpn,1
g32j,1
sn,3
uxaqg,1
bedo,1
fpzgu,1
3e,1
pxp,1
iinfi,1
ca,1
sgm,1
itqf,1
uxp,1
pay9o,1
tc,3
c8j,1
yukj,1
s5uyo,1
kvp7e,1
fpny,1
9j7,1
823h,1
nx,1
ojuqp,1
94a4,1
rnals,1
sy,4
o0,1
vf,2
conve,1
0l,1
qw3,1
zdzzs,1
gqncn,1
u2gq7,1
h9424,1
3sq,1
d5yg,1
go,1
0rrqu,1
oaod,1
vi,4
1p9,1
4v6ju,1
j98,1
dhv,1
s3u,1
i9,1
ttx,1
t8xn,1
oze,1
wvsj,1
9sr,1
bvzlh,1
wenu,1
yjwa1,1
bfne,1
esn,1
kldpk,1
3op,1
nrk,1
yz9,1
sx6d,1
s3xzf,1
796,1
zhisp,1
uoxga,1
yt8i,1
yn,1
o8cx,1
56,2
htdf7,1
0d,2
zbi1,1
bg2do,1
j6oys,1
8m,1
ezi,1
yz,2
aq0,1
oo55,1
d1vfd,1
gln,1
opkl,1
qr,1
3yt,1
jl,1
oa,2
szi,1
0mo,1
wq,4
3yuj,1
rxbqt,1
07,1
plc,1
onk,1
ekycl,1
gwnab,1
plju,1
lib,1
0ae,1
moqg,1
a1,1
u7ive,1
sokt,1
ilgm1,1
vax,1
pqiv,1
xtdo,1
t9,2
xljw,1
yiwt,1
uta,1
vnpf,1
4dlt0,1
mz,1
sd,4
7a,1
8pqjn,1
qzvno,1
8hli1,1
5f,3
qnjdx,1
s9i,1
25i,1
18d,1
w6k,1
mfol,1
70s,1
ksl,1
vgq,1
7g3e,1
ktojn,1
91,1
byx,1
c53,1
3g,1
wm6,1
gyg,1
kko3k,1
vu,2
e3v8x,1
0xtrv,1
wjuu,1
x75he,1
ja,2
m47,1
pop,1
z0pw8,1
y3,1
ntkbi,1
2lkl,1
j9t,1
mo9hy,1
9xgk1,1
0zxpf,1
hnpk,1
gl8,1
8a1q,1
siee,1
85l7,1
452,1
5d,1
akmb8,1
p5ny,1
rkcj,1
itw,1
0ejoh,1
la,2
asx,1
dk,1
va,2
zgx,1
5w2d,1
xyx,1
969n,1
pjpx,1
ydcv,1
nnn5,1
aant,1
3bsb9,1
yu,2
5hzte,1
e8p,1
xf,2
u4,2
t0,1
vbdey,1
5cwzs,1
meaqm,1
vwo,1
5w,2
oxfw,1
afaq,1
620g2,1
m5x,1
fa4,1
jt5c,1
54w6,1
nya7,1
sfu,1
wnd8,1
lh,2
dlgt7,1
b6,1
nyzyb,1
tw3k,1
ce6d,1
hqirn,1
otqp,1
ogd,1
muit,1
5b9b,1
1lgv,1
coy5,1
ij,1
qr7w,1
bvq,1
etn,1
ztls,1
ek95,1
w2xc,1
61bns,1
3ytw,1
q6,2
burkd,1
lqqlq,1
uex,1
9j,2
onki,1
opns,1
thtb,1
caz,1
gpfqa,1
k2tjp,1
yi,1
gq5w,1
if45q,1
vyvag,1
o7tuh,1
krjv,1
vs7z,1
bs4p,1
zzum,1
h3p,1
koj,1
czez3,1
elfxt,1
i2olu,1
nc9t,1
gumaz,1
lvu,1
7o5,1
gv,2
don,1
dxi,1
movw,1
ov,3
yq,2
jura,1
0q1q,1
n9go,1
67o,1
7o,1
qlyny,1
ywz,1
vdm,1
mgtxm,1
ljjz,1
6z,1
ewy33,1
e68ne,1
0dxa,1
at,1
wlzz,1
khu,1
poqz,1
wvy,1
drais,1
kufi7,1
uvaa,1
qoqb,1
3xzxx,1
a5eb,1
dyj,1
lr,1
om,3
flyf,1
nbg,1
km,1
vhfs,1
ik,2
pe3af,1
cbq,1
rcp8,1
z6y,1
2t0b,1
omtrf,1
gb6hv,1
0p,1
spgs3,1
raem,1
xhe,1
cjh,1
cli,1
zi7f,1
qcaxj,1
wwgbf,1
oivb,1
ycgcj,1
qt,2
fyf32,1
cvi,1
rxhwa,1
lw,2
g3g,1
ll,2
xa,1
qu3,1
u5cei,1
y9a,1
cge8,1
4o,3
5be,1
kgc2,1
c5,1
dgi,1
fzmv,1
y2,1
tlmw,1
pofk8,1
015kp,1
vdc,1
k16,1
ri6,1
zh,2
qnhox,1
nwns,1
nwuv,1
wakm,1
aczdd,1
sgn,1
4zw,1
kifu3,1
9l705,1
f2,1
s71,1
qfgez,1
sffs5,1
ngzhp,1
bellx,1
39,1
hyu,1
lusz0,1
xsfcd,1
bjjki,1
wkuso,1
vphdx,1
0qfxe,1
z10,1
by,1
firu,1
usvjk,1
yqyf,1
fxgas,1
vc,1
sj,1
w1v,1
vpwtx,1
arkfi,1
lux,1
y4l,1
cxoog,1
mthwe,1
97,1
uro,1
yz1z,1
misyr,1
8e0j,1
ld,1
supcs,1
dbzi,1
4iew,1
wjbj,1
9ny,1
nb4,1
tia,1
8z,1
rt,3
m2clc,1
byw,1
smnb,1
s9dy,1
5q2,1
coq,1
hjjuo,1
25ye,1
hfqu,1
f4iaa,1
hjj9s,1
apur8,1
qhwn,1
pj,2
piw,1
4pe,1
ok,1
zlpgd,1
xx5gi,1
xch5,1
ef994,1
01t,1
ytw,1
no3,1
88q,1
jg,3
8fkxj,1
vif1,1
tu0so,1
el,1
wwdfw,1
28y,1
eq,2
9q9q9,1
vg5b,1
v8d,1
2hp,1
svz,1
pzcz,1
pqle,1
rr,3
nkwlk,1
jh,1
qypvf,1
kqvy,1
huep,1
xdiwg,1
lme7,1
60,1
bd,1
egx,1
noroz,1
ng5bt,1
akyuz,1
8lka,1
n7h,1
ksh,1
drweb,4822
hn,1
l63b9,1
vch2,1
gg,1
6dai,1
wm5am,1
xz,1
1ww15,1
3iiha,1
v9,1
ze4og,1
48roa,1
8k,3
zrd,1
8l,1
aqg0,1
u0c4g,1
zo,1
agc,1
3cg,1
v4n,1
kn,3
kyawq,1
zhp,1
ylsb,1
jmk,1
zm166,1
sawmb,1
ja3j8,1
ezs,1
c2,2
t3w59,1
fdkh,1
wne,1
4qm6t,1
dkx,1
qsbq0,1
6akvt,1
blk,1
bbxq,1
vg6q,1
mo1a,1
rh,3
juy5l,1
snui,1
lij,1
br,1
bzr,1
dpg,1
kjryh,1
ykbb,1
naa5,1
ka,2
rz1cn,1
amk,1
kd,1
zs,4
rw,1
q0,2
bqv,1
xjb,1
hev,1
7mxuw,1
2mt,1
mfvq,1
kyrp,1
vy2yy,1
asug,1
8j,1
wh6ot,1
i0a,1
ko,2
50,2
6uqtr,1
it2g9,1
buvl2,1
vl,4
bz,2
fe,1
t7e,1
kf729,1
kyg,1
p1m,1
hhwbf,1
xt,1
ah,2
nn,2
kygab,1
htpos,1
tkz,1
8bz68,1
4tgnh,1
03zbv,1
899,1
fery,1
r1,2
ww9,1
ex,2
xw2,1
dkt,1
n26,1
eq01h,1
9wfh,1
0hsxl,1
vzdz,1
d6neh,1
zzro,1
kv,1
msm,1
mpezj,1
avr,1
ycyuy,1
eyond,1
srz,1
lb7j,1
69e,1
9987,1
27he,1
688,1
qbn,1
0oomn,1
cy,2
7lzov,1
eyty,1
b198i,1
x8,2
y9,1
dmvbc,1
aa,1
k29,1
d65dp,1
a7b4,1
vrmen,1
fkdf,1
5sp,1
gptmi,1
ut5s,1
pl,2
kqwr,1
jlran,1
3b,1
2o3,1
wshze,1
wgj,1
98ev2,1
rjq3,1
74r,1
wgrrl,1
sa,2
pi6o,1
uflnd,1
goecq,1
gvqc,1
8x6,1
hxm,1
eus0d,1
7ja,1
ykwiv,1
wx,1
ayes,1
ih1,1
lxvzr,1
ahge,1
q4xe,1
qmvi,1
i0hev,1
2emf,1
xv4o,1
ksfd,1
skqvm,1
b8rhe,1
f6,1
5al,1
ilhj,1
zaso,1
n2,2
vnt,1
7vwp,1
jggoc,1
rg6gw,1
u3tw,1
unc1,1
ws5,1
yz3av,1
qf5mw,1
gzn,1
sggn,1
mqs,1
hwj,1
wp9z,1
8gp0b,1
ps,2
t0he,1
gs5e,1
3lblp,1
dj,2
5a,1
ct7ie,1
iiwt,1
4jy,1
jtfbr,1
aq,2
cu7rr,1
l2,1
jybr,1
tnw,2
dtq,1
crx,1
sqpth,1
dqoqu,1
ztd,1
12,1
b5dn,1
bef,1
0blyi,1
h7m,1
qja,1
0arip,1
ukmos,1
sobf,1
cm3v,1
47or,1
ab3jd,1
xxs,1
ks,1
ca7,1
8f4eu,1
h2m,1
4000a,1
db8y,1
rbhn,1
5csu,1
jpa,1
dff2,1
jb,1
fdwbv,1
ogoo,1
g4mqp,1
bdk,1
kz67,1
2kh3g,1
2j,1
ft,3
fgmu,1
boky,1
8l6z,1
laofn,1
tx2l,1
fo,1
hlrw,1
sa1f,1
ge7kv,1
qk,2
atmto,1
hik2,1
kb,1
ntdh,1
px81v,1
cft,1
mck,1
pzn,1
lu6l,1
ruqo,1
hdd,1
flc,1
9k8,1
w36,1
qge,1
krx,1
rcqb,1
aqvvx,1
hwk,1
1zgtt,1
kbnx,1
pzwm,1
9v1f,1
edeq,1
ii0,1
wxccc,1
xvi,1
2ourw,1
f7ll,1
dlywa,1
hv5kv,1
vkvt,1
k01,1
svg,1
sz3v,1
xf5,1
wusg,1
iwz,1
m4,1
mi,1
qts,1
j2jg,1
jk,2
61goi,1
blcfw,1
ej,1
5vqi,1
t6mqh,1
nowok,1
rry8,1
znlcz,1
fbhv5,1
na,4
vgv8r,1
tr2q,1
ku6do,1
jj,1
ypda1,1
bf4c5,1
ofdf0,1
hn6z,1
qwc,1
ufwj,1
54il,1
yu5,1
4qm,1
mh7j,1
bf6,1
nqe,1
0delh,1
4k2z,1
f3k,1
55bpp,1
3iv,1
l3,2
sbo,1
ul,3
wif,1
fsknl,1
w9sef,1
jx,1
4je1,1
77si,1
sqiuh,1
80,1
xnao2,1
xuyx,1
oak,1
3xk,1
4o8,1
1a9zn,1
nf,1
zcw,1
tg4,1
phzx,1
hnf,2
ncj8,1
ic,1
huag,1
nz,1
mnr,1
9uo,1
kzx,1
hm,1
0v,1
bqp,1
ism99,1
a2b5,1
gxjf,1
3vpmo,1
50u,1
runj,1
rbrrw,1
cde,1
yrjd,1
ribtt,1
iqm,2
acilk,1
ugbaa,1
feotm,1
te2a,1
ta6,1
re9rh,1
fpkt,1
thc,1
xei8h,1
2qqr,1
rvdkw,1
xjjl3,1
h9b,1
hgyzj,1
in8qe,1
uhb6,1
s1h,1
po77,1
wqx0,1
mbsb,1
slgj,1
slz,1
0dxp6,1
ob8v,1
cj8bq,1
da7f,1
hecd,1
92hh,1
h2z,1
clrc,1
t8ehz,1
jr6,1
etj,1
pdurk,1
rov,1
6qs,1
dyod,1
emy,1
cdggx,1
8hxbc,1
wdib,1
1t,1
8hg,1
3oip,1
qzt,1
oq6q,1
pjf,1
fy,2
g9,1
stanford,9991
aik,1
ektf,1
1c,1
kzga1,1
ezh,1
kpd,1
no9c,1
dgd5,1
gmw4,1
eom,1
e7bp,1
zyy,1
jgu9d,1
bi9tl,1
ple1b,1
fw,1
ov9m3,1
0hpy,1
i3sjo,1
8v,1
tv8,1
4lci,1
pr9cn,1
tbihh,1
e6cds,1
8o,2
qhm,1
e3dt,1
gist,1
eikq,1
qo,1
cbx,1
2zk,1
0ovau,1
dg,1
xpuyo,1
yyh,1
9r1p,1
kpvw,1
fvf,1
ewr,1
em,3
0y,1
rn1f,1
openbsd,4903
vs40,1
yb,1
zrmz,1
ahxd,1
agy,1
pityp,1
ypb,1
hr,2
h3mvx,1
g7pd,1
had,1
ksq,1
bhtb,1
3wwtn,1
hw,1
qxy,1
blwt,1
l2c,2
uymlj,1
ve,2
i3i,1
rk9dd,1
6zkc,1
fzg,1
djljz,1
13u,1
ku7y,1
hko,1
eq0a,1
uipxa,1
weepz,1
oqsu,1
clvb,1
477gn,1
th4q,1
h1nck,1
ntc,1
tumrx,1
xd2n,1
hc4mi,1
4gqf7,1
3i,1
fvyx,1
gqqxl,1
iyj,1
7p,1
0o,1
sjmq,1
78u,1
yvi,1
ulkd,1
s7,1
l1bkl,1
36,1
prxp,1
ys53m,1
in,2
ud9ht,1
wsz6r,1
wijs,1
vy,2
2q,3
zq3x0,1
ftrhg,1
209,1
4hno8,1
l8l,1
xchw,1
1v,2
v0m,1
tkh0,1
ccnd,1
pmr4,1
in3,1
ofm,1
ry8bj,1
7aq,1
x3jch,1
0q9q,1
q83,1
dm,2
b7h4j,1
zsk,1
jwwyw,1
uc7,1
u2q,1
wbsak,1
meh,1
upt2,1
glyx,1
ok1o,1
gtjl,1
o1,1
oh8ee,1
gm,1
4uiq,1
na3gz,1
ygd,1
l1smb,1
fd,2
cl6l,1
8h6,1
8rjo,1
sph,1
pg,3
zahwq,1
fxdk,1
g7ug,1
2dxh,1
0yad5,1
xo,2
exrx,1
1t2x,1
yaxzx,1
dtz,1
eg,2
ag,2
jth,1
keize,1
fbo,1
sefs,1
uem,2
pzqqm,1
pzybz,1
5h,2
psh,1
go1l,1
m2z,1
wdng,1
ucvqg,1
jup,1
bsmkj,1
71xg,1
e0m,1
ozr,1
mgc2,1
32,1
c2v,1
pdxoh,1
smmuz,1
e0,1
ocli,1
7iau1,1
izy7,1
2ka,1
eji,1
zb,1
ej6,1
mskbx,1
imxa,1
oxuy,1
b9p,1
yq2,1
kge2c,1
hwr8,1
chjc,1
wwrdt,1
nve,1
9nj6,1
j9yyx,1
oi9yr,1
ypi7,1
pqq,1
fm4hb,1
buui,1
x8zhg,1
e1,1
cqn,1
dmk,1
alvbb,1
do,1
sjzxo,1
gqe,1
hy0wc,1
aelky,1
rnsnl,1
gew,1
ban,1
atfr,1
enuo,1
ob,1
69ap,1
bcqcu,1
zpwl,1
gv5m,1
tyo,1
kzuc,1
gnxbg,1
u76,1
ap,3
d0q,1
qfsb,1
zcdip,1
d6z,1
fkw,1
tgf6,1
m9,1
4vgb,1
1yc,1
2vh,1
fz,2
acq7,1
5nz,1
3e07,1
mahaz,1
ijuq,1
brm,1
vln,1
r6p,1
10i,1
y0o,1
2x4,1
0e1t,1
mhtj,1
as5,1
f2k,1
dcccy,1
hedv,1
vgv,1
iqh,1
fo20,1
srtd,1
lpk,1
ab9,1
fesed,1
opg,1
wov4h,1
tk,3
8sfgq,1
kybe,1
5c,2
unsdt,1
h7tiu,1
uifnf,1
afa,1
oapy9,1
ji,2
ika,1
dtjw2,1
9mh,1
stt3,1
igrz,1
yyg,1
0ll,1
uejz,1
oh6n6,1
3ny,1
on5m,1
nioe9,1
jmj,1
7b0d,1
guq,1
aktc,1
ax,1
xpy,1
nwb,1
9zmdq,1
dfs3v,1
ijqn6,1
kaool,1
tr4h4,1
cgkt,1
dp0,1
psi,1
r8li,1
mqmh5,1
dp,1
jask,1
yu6,1
e0mqk,1
hxdzi,1
iq,1
bt,2
9a,1
teiqd,1
1yw,1
gp,1
zijz,1
vw,2
qy0x,1
orrkk,1
w2w,1
gw,2
qj,1
25n,1
0drrq,1
guxu,1
en,1
5552,1
3a,1
wllq5,1
wgm,1
e1a,1
q5,1
4d4wd,1
jdd,1
ie,2
8ct4,1
dvr,1
kx,1
jkvxg,1
dxh,1
cbyi,1
fgrc2,1
o9t9,1
jjzrp,1
ehfk,1
rt4ct,1
y7l,1
k8i,1
z8mib,1
qpm,1
atfsy,1
aciz,1
lkba,1
z2kvi,1
djbfy,1
lom8c,1
khg,1
filc,1
ropx,1
ntdgo,1
tfsf9,1
9pv,1
lhq7,1
xv,1
xi,2
k9,1
czl,1
1w,2
szhhw,1
is,3
b9psz,1
le8me,1
3blxt,1
76ix,1
yh11,1
yh,1
jnm,1
pex1,1
zd,2
a5u23,1
azayu,1
7ckr,1
ukgeg,1
ua7q,1
2y,1
kdjv,1
kjr,1
v2d,1
kgajw,1
sni2,1
c3yau,1
jgn,1
ubb,1
tukro,1
vdr,1
wctw,1
fflil,1
z5,1
0nf,1
c6dt,1
gj9mn,1
j6lrl,1
mfi,1
3mi,1
tqpoy,1
sgbdc,1
rwo,1
k3a,1
v5oy,1
gp55g,1
snam,1
nr,1
19b,1
xh4,1
hxva,1
ytqw,1
zjop5,1
b3f43,1
1b2s,1
sigy,1
gn,1
nibt2,1
3bl,1
lc,1
rtfi,1
whp6w,1
isij,1
a8ka,1
3s,1
oll,1
zch7,1
vgmlh,1
ecog,1
prnvt,1
z3gs8,1
wxf,1
zqfie,1
syr5,1
u9,3
ho,1
wsx0q,1
px,2
nkxm,1
zt,1
q3kv,1
yafp,1
m8g8,1
lon,1
ywb,1
8tbe,1
lziso,1
gvr,1
ca8uz,1
vv,2
cc2dl,1
4r,3
4k4,1
jxe7,1
ujg,2
lh4om,1
rro,1
rrrq,1
kymsp,1
opggk,1
fkcq,1
twia,1
nk,1
rreuv,1
9fgw,1
0f,1
zduh,1
r7qtg,1
magn,1
dehbx,1
gaaao,1
tdpj,1
ziw,1
x7af,1
upl,1
5xwhc,1
cpgqo,1
wy2v5,1
fz9i,1
l24t,1
6s,1
7u,1
0nz,1
iw,2
vp,2
l8y1,1
iq9,1
qadz6,1
iwzh,1
9pmm,1
oukg,1
mmrx,1
8ck,1
pp,2
5j,1
31i,1
vlhdf,1
acfb,1
sizwx,1
3ysal,1
30jbt,1
kkq5,1
zfkg,1
usuai,1
y6i4,1
l4,1
a3ui,1
hg2xh,1
ooi,1
zg1uu,1
t42oq,1
tqds,1
jzv,1
aym,1
3jiz,1
v1,1
7ux8x,1
buu,1
tfy,1
dd,2
hf,2
bv,4
xqt,1
14,2
2zr,1
x4l,1
7g90,1
fsf,4939
vcn,1
l6,1
hgp,1
l5lh,1
crq1j,1
ywr,2
ws4tp,1
fb9te,1
hhmkr,1
t4m,1
ukb,1
pnv84,1
a1tg2,1
mb,2
tbwe,1
cff6c,1
70x,1
fjfhn,1
pzg,1
fvtx,1
5cp3,1
dec,1
s44x,1
7onx,1
5ni,1
31b,1
dwq1,1
nc,1
ivcp2,1
7rsj,1
cxe,1
nsdbe,1
aac,1
52,1
w8b,1
rye,1
36z,1
o5,1
aog,1
e2z,1
crl4,1
um,1
qeblk,1
42,1
eyy,1
bitcoin,4891
rmdq,1
wok,1
ngvm,1
p2knh,1
torx,1
uzqb,1
tk63,1
w9r,1
hb5,1
7qdh,1
lv,1
y20yt,1
vxwo,1
raia,1
hn3,1
ek9cx,1
5veop,1
cq5a,1
ys2,1
enodu,1
beqbb,1
ajd,1
xmez,1
fnj,1
empe,1
laf,1
mg,1
8tgfe,1
egw4,1
fwvx,1
n4,1
dfbdq,1
xhq21,1
mswcl,1
vcahr,1
pkeea,1
iwkdp,1
0ygte,1
pr74,1
qw5x,1
fg3ze,1
fjw8,1
l1,2
gj,1
gy40,1
3vjp,1
q1,2
0a0,1
yu4,1
nc91,1
bzfl2,1
11,1
i4nf,1
dkcbd,1
lijne,1
tzfs,1
un6bz,1
xgct,1
q9f9,1
0vva,1
hcfm,1
oi,2
ruwok,1
1j,2
7rnuj,1
nzxkv,1
r4jvh,1
h4c,1
vuxzu,1
oud,1
cp7,1
2d,1
ttw7,1
9pev,1
3qa,1
we1,1
nrd,1
rzip,1
x2yk,1
v93pc,1
uya,1
qjqp,1
tajc4,1
4ie,1
wh3,1
ut,1
thh4r,1
0ftf,1
c8ke,1
40d,1
hdptn,1
udog9,1
chfsu,1
shx,1
9i,1
k3mh,1
ndggs,1
jg4ih,1
vk,1
zl1jk,1
asvrp,1
tgs,1
nzku,1
b7idn,1
zaoh,1
1dx,1
gc,1
zbyp,1
fxspq,1
rk3j,1
vej,1
sgiub,1
pd,1
kysx,1
ty,1
prd,1
x0wj,1
9st,1
sw,1
bi,1
zwz,1
42ta1,1
wyeq,1
1n3,1
rmoe,1
ayso3,1
7vwuj,1
0ymp,1
hbxgo,1
mf28,1
sxz,1
unb0,1
yfkt,1
bgzhk,1
4vwup,1
yjfp,1
0b4s,1
r9t,1
p6,1
cqi,1
d0au,1
ve0,1
59w,1
8tp,1
34y,1
1knc,1
xlk,1
youv,1
vubli,1
upbi,1
p2t,1
u61,1
xri,1
gadjx,1
2ktc,1
9ozg,1
t7zb,1
6g,1
6a,1
ywg,1
gs1,1
xqhu,1
eoo8,1
vdp6,1
zz,2
oyj,1
ihn,1
j627,1
h0hir,1
l8mu,1
06w,1
wtm2z,1
1tm,1
1lr,1
jo3,1
duj7x,1
x2i,1
nmx,1
mq,1
sf,3
dresk,1
8a,2
oklp,1
6tr5k,1
y0,2
yntfi,1
5k,1
kr,3
l4wq,1
jci8,1
t3hx,1
dw,5
uheo,1
q80iw,1
gyawx,1
bo,1
olc,1
yjj,1
3r,2
va9l,1
kf,2
a1cm8,1
tls,1
3cs,1
e7bl,1
prtl,1
oe,1
fa,3
5q,1
cfcn,1
t1wf,1
883,1
oon1,1
rop,1
i1,1
zrxz,1
spsjf,1
gs,2
ggfg,1
4i,1
ev,1
6tica,1
80d88,1
gnufz,1
u7sq1,1
awpq,1
bvud,1
ukdw,1
lsj,1
c06eq,1
ayl,1
pw,1
md0y,1
bh,4
s5c3,1
cmnh,1
vbfm,1
h7,2
hxt,1
awo,1
hya,1
pq5,1
7rws8,1
6pms,1
4yg,1
ya,4
fsb,1
s0i,1
mwwng,1
baq9,1
gfv,2
2voz,1
t49sz,1
vxa,1
qgpju,1
zcl,1
nmblm,1
jc,1
jlq,1
gdsj,1
mobin,1
3xji,1
fnvgy,1
pl16v,1
h9cj5,1
gax,1
aub,1
gq,2
h90,1
sh,3
6v3hc,1
spa,1
msy8g,1
rxd,1
sgc5t,1
kzoie,1
yzda,1
l4m,1
afb,1
kfqqa,1
cb,2
koyka,1
pz,1
af494,1
fst,1
4cl,1
2ep,1
xd,3
axhsh,1
vzfo3,1
sxjl,1
t20fq,1
hmf,1
zneq,1
gzhys,1
vydhk,1
m0,1
eehdq,1
wbyr,1
tv,1
sjf,1
nok5,1
mu,1
qun,1
ohsk,1
zuhr,1
fq8b,1
lq,3
xmd,1
aodk,1
nic,1
p1bj6,1
yuqcy,1
6kl,1
ge,4
vwsd,1
heisy,1
ogiyc,1
vq2,1
mr2,1
bp,4
ocl,1
f64,1
eph,1
mephi,19483
3ca4q,1
ym,2
jnxfe,1
djac,1
xj,1
fnpy,1
nu,2
ct9f,1
ht,1
un4f,1
kflnb,1
fjd,1
cq,4
hfa,1
kt01u,1
2n,1
a5,2
2gq,1
gyvxv,1
r3w,1
oq4,1
bxo,1
2jct,1
jydt,1
wi9tj,1
nwe,1
xy,1
cyse,1
28,1
9ohb,1
2jbce,1
v1sm,1
hl,1
sfzm,1
cn,1
ppdl,1
oq,3
iou9,1
swy,1
fno,1
idt,1
5mzcz,1
uei2d,1
bozwe,1
x97p,1
veey,1
mngn,1
rpwyb,1
jr6a4,1
4rhns,1
fryu,1
xbs,1
2e,1
dker,1
mbh,1
hvx,1
j66,1
o7,1
vuf7h,1
bdse4,1
mhcq1,1
ba,4
sjr,1
tlavg,1
uczx,1
8d,1
dpvp,1
7s,1
6b,1
yv9,1
xxa,1
iu,1
voctp,1
78,1
6bja,1
c3sfe,1
3d6j,1
8w,1
a0f,1
f0ce2,1
fmca,1
a0z,1
c4xf,1
da7k,1
kjcb,1
ij5,1
hfv,1
nmsbm,1
h4n,1
wsp,1
pvpl,1
5g,2
at8,1
n3,1
l5z,1
afvcq,1
k3goj,1
dct,1
myb,1
pwb,1
ar,1
ud,4
9jzxc,1
vagd,1
uxp4,1
bwl,1
5tyrj,1
ak0e,1
sbn2,1
zgw,1
2cwox,1
mt,2
krpe,1
3df7,1
vm67,1
02nd,1
nby,1
pra,1
yxlp,1
poctr,1
pdx,1
ov0y,1
ywnw,1
lve7,1
q9,1
q2,3
yp,1
otq,1
w2ag,1
zty,1
gmzkp,1
smg,1
nsk,1
anke,1
sd5m,1
ey,1
fw6r,1
59fn,1
eez8p,1
r9xof,1
jpcpc,1
fr6,1
rgs,1
0wim,1
ym8,1
35jl,1
dup3r,1
wj5r,1
2u,1
oig0,1
jhdc,1
9wh8,1
ghy,1
28zg,1
lhz,1
exxa,1
dzys,1
jtxv,1
ao8j,1
mgyz,1
h8h,1
yqh,1
v0fdx,1
vayv,1
vvhfo,1
eptt,1
wm,3
86,1
rad,1
pnl,1
scjd,1
e3,1
qyjx,1
8fs,1
az,2
cwxpd,1
cqnxa,1
xpu,1
ypp,1
gm7,1
ulcn2,1
oqvn,1
3kph,1
r8tr,1
r5je,1
z3ij,1
eh9,1
n7,1
wwb,1
apxe,1
m4o7,1
zask,1
7kpx3,1
5wqk,1
elegm,1
e7hrd,1
xzp,1
r5d93,1
gxof,1
shqqi,1
lnf,1
wccdf,1
flx,1
nwd,1
brb65,1
rfz,1
yqt,1
zw3oe,1
udi,1
9xqna,1
9k,3
tph,1
2i3,1
gy2hp,1
zjh,1
inz,1
1o,1
enrm,1
reuuu,1
ye,1
2z,1
vo6wh,1
yov0u,1
d4,2
d2,3
ku,1
lxq,1
dsqn,1
zu,1
naapi,1
ynz,1
6wc0,1
oj6h1,1
6d,1
hhi7n,1
gigum,1
zmqe,1
uq,1
y77hg,1
jm5,1
ro,1
qyb,1
lct,1
syj,1
2nk,1
8y2,1
sym0h,1
1e,1
enl0,1
22uh,1
bwma,1
qzdv,1
1ih,1
vpsgo,1
6b3,1
b7,1
ih,4
7hk,1
baem,1
2t,1
ymt,1
dywh,1
ocbuf,1
kw0r,1
oam,1
91k,1
v7,1
ga8gt,1
yh0,1
1gpy,1
ud7,1
hpp4e,1
bgnm,1
bc7,1
5ky,1
b3ric,1
auns0,1
cgda,1
tgcut,1
bl,1
9g,1
yujf,1
ptrl,1
yts,1
vq,1
i3qv,1
kgnt,1
hcgnk,1
bnm,1
38z7,1
d9shn,1
ttsx,1
u9isc,1
tpxa,1
k07mx,1
mwja,1
eh8,1
hxa,1
z57h,1
jz6t,1
yale,4988
piy,1
dqj,1
aig,1
mmu,1
zn37,1
bpr8,1
53qur,1
wj,2
chxil,1
vbdkb,1
za,3
kk2dd,1
rhfkc,1
raoat,1
oxd,1
txr,1
gj5,1
ijfa,1
sstdm,1
4ajat,1
rsjs9,1
d8,1
ugn,1
qcqf,1
o6kl,1
t8bs,1
opd,1
tnc,1
naud,1
uuiw,1
qzk,1
9krqp,1
lbw,1
iuj8,1
okm,1
kr7,1
plu,1
tq2k,1
41jgd,1
znik,1
tzy,1
vdok,1
zynx,1
syva,1
po,2
gpibr,1
nsbwy,1
dte,1
a7k6,1
fvxd,1
i4n,1
emu,1
snao,1
q86ev,1
nj,2
fi,2
knut,1
dst,1
epwq,1
di,1
wj4ag,1
l0uq0,1
70,1
o91cd,1
08o2,1
xyu,1
yvr,1
vkxrw,1
kw,1
cv,1
80o2b,1
k2cg,1
li,1
yo,1
d7,1
plpe,1
oktbi,1
jtc,1
2az,1
zlzaw,1
bdm,1
ibg2,1
xtl,1
8oa,1
kcx,1
omum,1
3qwvr,1
xd5v,1
srr,2
wwfs,1
gh9,1
bxax,1
bwr9h,1
zp,1
5sny,1
103wo,1
h0k,1
4imff,1
bdqh5,1
esw,1
rrron,1
1xuw,1
p7,1
y68,1
2ytb,1
unzo4,1
8ukg,1
8z5fk,1
sy1pg,1
lxk6x,1
qi,1
rk7wz,1
d5flh,1
3nro,1
kh9p,1
rtt,1
nxu1w,1
4gn,1
2chf0,1
7w6,1
0ol,1
a3pk,1
5y83h,1
zcrcs,1
lsxhn,1
1xk,1
4w,3
hxr,1
q6gw,1
rnklu,1
uv8n,1
hwn,1
fagmu,1
e6npd,1
hbq,1
l5n9,1
oho,1
qp,3
ngv,1
hj,3
fclv,1
9w,1
hvo,1
6kvqs,1
f3,1
uazp,1
how,1
ore,1
bg2,1
cqz,1
pgjd,1
ajws,1
hu08,1
rc3,1
mxr6,1
k1,1
ilz,1
rd,1
r5xh,1
fbnpp,1
rj,1
jgs,1
cbej3,1
kf0c,1
r1v,2
0q1,1
mr9l,1
hd,2
cihu,1
lty,1
crj7c,1
ex3z,1
6e,1
sv,4
9xgre,1
fmznv,1
np8f,1
uwxy,1
td,2
l6dpy,1
winv,1
uc,1
fmuy,1
vom2j,1
x3tih,1
uyzq,1
nu5b,1
a5md8,1
gzc,1
y9nh,1
ic0,1
2c8rl,1
xc,2
jij,1
79,1
xxfwu,1
y1goa,1
c60,1
9o,1
lq7yq,1
qeb,1
h2ac,1
uuvic,1
bjn,1
dig,1
xl9,1
bmpl,1
jxne,1
czg,1
vo1,1
8f,1
bbk,1
ii4uu,1
ou,1
qca,1
f0,1
kc80,1
wc,1
wrps,1
zxy,1
mm,2
9m7f,1
zreaj,1
9c4c4,1
cbxxi,1
88f,1
jr45e,1
yfsm,1
wacu,1
hfab,1
8pzwt,1
mhgnx,1
o53p,1
soe,1
k6bfp,1
xe8h,1
zv,1
4xyn,1
jt,1
saw,1
3pssb,1
hmkbh,1
umy,1
elh9,1
ycvf,1
8i,1
df7fy,1
4p0bi,1
j5qx,1
bqa,1
qg5bp,1
lh3h5,1
hrw,1
mla6d,1
d6,1
rfbp,1
he1p,1
tzice,1
k0ky,1
uws,1
ntq,1
7bjpa,1
k5xhi,1
ryqn,1
tqx,1
ib,1
p3,1
jp,1
ci,2
8fxe,1
dn,5
dyu,1
dkj6r,1
xs2pu,1
1na9,1
fbadm,1
ds,1
7g,1
5lo,1
yqxb8,1
yan,3
ntuzk,1
q564,1
pt7,1
qkfa,1
yxuj,1
dcmky,1
kos,1
ps1,1
mvah,1
kh,3
lmxki,1
bbu,1
gy5p,1
znsmh,1
unem,1
